{
	"credit": "Made with Blockbench",
	"textures": {
		"0": "custom/pillager_diamond_helmet",
		"particle": "custom/pillager_diamond_helmet"
	},
	"elements": [
		{
			"name": "pillager_gold_helmet1",
			"from": [5, 3, 5],
			"to": [15, 8, 15],
			"rotation": {"angle": 0, "axis": "y", "origin": [13, 8, 13]},
			"faces": {
				"north": {"uv": [10, 9, 16, 14], "texture": "#0"},
				"east": {"uv": [10, 11, 16, 16], "texture": "#0"},
				"south": {"uv": [0, 10, 10, 15], "texture": "#0"},
				"west": {"uv": [10, 11, 16, 16], "texture": "#0"},
				"up": {"uv": [0, 0, 10, 10], "texture": "#0"},
				"down": {"uv": [0, 0, 10, 10], "texture": "#0"}
			}
		},
		{
			"from": [9, 2, 14],
			"to": [11, 3, 15],
			"faces": {
				"north": {"uv": [4, 3, 6, 4], "texture": "#0"},
				"east": {"uv": [5, 3, 6, 4], "texture": "#0"},
				"south": {"uv": [4, 3, 6, 4], "texture": "#0"},
				"west": {"uv": [4, 3, 5, 4], "texture": "#0"},
				"up": {"uv": [4, 5, 6, 6], "texture": "#0"},
				"down": {"uv": [4, 6, 6, 7], "texture": "#0"}
			}
		},
		{
			"from": [15, 2, 5],
			"to": [16, 4, 15],
			"faces": {
				"north": {"uv": [0, 10, 1, 12], "texture": "#0"},
				"east": {"uv": [6, 11, 16, 13], "texture": "#0"},
				"south": {"uv": [15, 5, 16, 7], "texture": "#0"},
				"west": {"uv": [6, 10, 16, 12], "texture": "#0"},
				"up": {"uv": [15, 4, 16, 14], "texture": "#0"},
				"down": {"uv": [15, 4, 16, 14], "texture": "#0"}
			}
		},
		{
			"from": [16, 2, 5],
			"to": [17, 3, 15],
			"faces": {
				"north": {"uv": [14, 2, 15, 3], "texture": "#0"},
				"east": {"uv": [6, 12, 16, 13], "texture": "#0"},
				"south": {"uv": [14, 3, 15, 4], "texture": "#0"},
				"west": {"uv": [6, 10, 16, 11], "texture": "#0"},
				"up": {"uv": [15, 4, 16, 14], "texture": "#0"},
				"down": {"uv": [15, 4, 16, 14], "texture": "#0"}
			}
		},
		{
			"from": [4, 2, 5],
			"to": [5, 4, 15],
			"faces": {
				"north": {"uv": [0, 10, 1, 12], "texture": "#0"},
				"east": {"uv": [6, 11, 16, 13], "texture": "#0"},
				"south": {"uv": [1, 10, 2, 12], "texture": "#0"},
				"west": {"uv": [6, 10, 16, 12], "texture": "#0"},
				"up": {"uv": [15, 4, 16, 14], "texture": "#0"},
				"down": {"uv": [15, 4, 16, 14], "texture": "#0"}
			}
		},
		{
			"from": [3, 2, 5],
			"to": [4, 3, 15],
			"faces": {
				"north": {"uv": [15, 2, 16, 3], "texture": "#0"},
				"east": {"uv": [6, 11, 16, 12], "texture": "#0"},
				"south": {"uv": [14, 6, 15, 7], "texture": "#0"},
				"west": {"uv": [6, 10, 16, 11], "texture": "#0"},
				"up": {"uv": [15, 4, 16, 14], "texture": "#0"},
				"down": {"uv": [15, 2, 16, 12], "texture": "#0"}
			}
		}
	],
	"display": {
		"thirdperson_righthand": {
			"rotation": [-180, -180, -180],
			"translation": [-8, 16.5, 8],
			"scale": [1, 1.44922, 1]
		},
		"head": {
			"rotation": [0, -180, 0],
			"translation": [3.25, 11.25, 2.75],
			"scale": [1.68164, 2.1543, 1.52148]
		}
	}
}