{
	"credit": "Made with Blockbench",
	"textures": {
		"0": "custom/backpack",
		"1": "custom/warped_fungus",
		"particle": "custom/backpack"
	},
	"elements": [
		{
			"from": [0, 0, 0],
			"to": [8, 14, 8],
			"faces": {
				"north": {"uv": [0, 0, 8, 14], "texture": "#0"},
				"east": {"uv": [0.5, 0, 8.5, 14], "texture": "#0"},
				"south": {"uv": [0, 2, 8, 16], "texture": "#0"},
				"west": {"uv": [0.5, 2, 8.5, 16], "texture": "#0"},
				"up": {"uv": [8, 0, 16, 8], "texture": "#0"},
				"down": {"uv": [8, 8, 16, 16], "texture": "#0"}
			}
		},
		{
			"from": [3, 14, 3],
			"to": [5, 16, 5],
			"faces": {
				"north": {"uv": [7, 11, 9, 13], "texture": "#1"},
				"east": {"uv": [7, 13, 9, 15], "texture": "#1"},
				"south": {"uv": [7, 13, 9, 15], "texture": "#1"},
				"west": {"uv": [7, 14, 9, 16], "texture": "#1"},
				"up": {"uv": [7, 11, 9, 13], "texture": "#1"},
				"down": {"uv": [7, 12, 9, 14], "texture": "#1"}
			}
		},
		{
			"from": [9, 2, -9],
			"to": [11, 4, -7],
			"faces": {
				"north": {"uv": [7, 11, 9, 13], "texture": "#1"},
				"east": {"uv": [7, 13, 9, 15], "texture": "#1"},
				"south": {"uv": [7, 13, 9, 15], "texture": "#1"},
				"west": {"uv": [7, 14, 9, 16], "texture": "#1"},
				"up": {"uv": [7, 11, 9, 13], "texture": "#1"},
				"down": {"uv": [7, 12, 9, 14], "texture": "#1"}
			}
		},
		{
			"from": [2, 16, 2],
			"to": [6, 18, 6],
			"faces": {
				"north": {"uv": [3, 7, 7, 9], "texture": "#1"},
				"east": {"uv": [7, 9, 11, 11], "texture": "#1"},
				"south": {"uv": [3, 9, 7, 11], "texture": "#1"},
				"west": {"uv": [9, 7, 13, 9], "texture": "#1"},
				"up": {"uv": [3, 7, 7, 11], "texture": "#1"},
				"down": {"uv": [9, 7, 13, 11], "texture": "#1"}
			}
		},
		{
			"from": [8, 4, -10],
			"to": [12, 6, -6],
			"faces": {
				"north": {"uv": [3, 7, 7, 9], "texture": "#1"},
				"east": {"uv": [7, 9, 11, 11], "texture": "#1"},
				"south": {"uv": [3, 9, 7, 11], "texture": "#1"},
				"west": {"uv": [9, 7, 13, 9], "texture": "#1"},
				"up": {"uv": [3, 7, 7, 11], "texture": "#1"},
				"down": {"uv": [9, 7, 13, 11], "texture": "#1"}
			}
		},
		{
			"from": [1, 10, -2],
			"to": [3, 12, 0],
			"faces": {
				"north": {"uv": [0, 0, 2, 2], "texture": "#0"},
				"east": {"uv": [0, 0, 2, 2], "texture": "#0"},
				"south": {"uv": [0, 0, 2, 2], "texture": "#0"},
				"west": {"uv": [0, 0, 2, 2], "texture": "#0"},
				"up": {"uv": [0, 0, 2, 2], "texture": "#0"},
				"down": {"uv": [0, 0, 2, 2], "texture": "#0"}
			}
		},
		{
			"from": [5, 10, -2],
			"to": [7, 12, 0],
			"faces": {
				"north": {"uv": [0, 0, 2, 2], "texture": "#0"},
				"east": {"uv": [0, 0, 2, 2], "texture": "#0"},
				"south": {"uv": [0, 0, 2, 2], "texture": "#0"},
				"west": {"uv": [0, 0, 2, 2], "texture": "#0"},
				"up": {"uv": [0, 0, 2, 2], "texture": "#0"},
				"down": {"uv": [0, 0, 2, 2], "texture": "#0"}
			}
		}
	],
	"gui_light": "front",
	"display": {
		"thirdperson_righthand": {
			"rotation": [-91, -180, -180],
			"translation": [-2, -13.75, 6.25],
			"scale": [1, 0.90235, 1]
		},
		"thirdperson_lefthand": {
			"translation": [0, 4, 21.75]
		},
		"firstperson_righthand": {
			"rotation": [31.25, 67.75, -18.25],
			"translation": [1, 2, -0.25],
			"scale": [0.66211, 0.75, 0.55859]
		},
		"firstperson_lefthand": {
			"rotation": [0, 0, -9.25],
			"translation": [3, 2.75, 0.25],
			"scale": [0.78125, 0.7832, 0.40234]
		},
		"ground": {
			"rotation": [-26, 20.25, -9],
			"scale": [0.9043, 0.86133, 1]
		},
		"gui": {
			"rotation": [0, 2, -50],
			"translation": [-1.75, -1, 0],
			"scale": [1.38672, 1.23633, 1]
		},
		"head": {
			"translation": [3.5, -15.25, 11.25],
			"scale": [0.89063, 0.79492, 1]
		},
		"fixed": {
			"translation": [-1.25, -2.5, -3.25]
		}
	}
}