{
	"credit": "Made with Blockbench",
	"textures": {
		"0": "custom/mace",
		"particle": "custom/mace"
	},
	"elements": [
		{
			"from": [8, 2, 8],
			"to": [9, 10, 9],
			"rotation": {"angle": 0, "axis": "y", "origin": [24, -8, 23]},
			"faces": {
				"north": {"uv": [0, 8, 2, 16], "texture": "#0"},
				"east": {"uv": [0, 8, 2, 16], "texture": "#0"},
				"south": {"uv": [0, 8, 2, 16], "texture": "#0"},
				"west": {"uv": [0, 8, 2, 16], "texture": "#0"},
				"up": {"uv": [0, 15, 1, 16], "texture": "#0"},
				"down": {"uv": [0, 14, 1, 15], "texture": "#0"}
			}
		},
		{
			"from": [6, 10, 6],
			"to": [11, 15, 11],
			"rotation": {"angle": 0, "axis": "y", "origin": [14, 18, 14]},
			"faces": {
				"north": {"uv": [11, 0, 16, 5], "texture": "#0"},
				"east": {"uv": [11, 0, 16, 5], "texture": "#0"},
				"south": {"uv": [11, 0, 16, 5], "texture": "#0"},
				"west": {"uv": [11, 0, 16, 5], "texture": "#0"},
				"up": {"uv": [11, 0, 16, 5], "texture": "#0"},
				"down": {"uv": [11, 0, 16, 5], "texture": "#0"}
			}
		},
		{
			"from": [8, 12, 11],
			"to": [9, 13, 13],
			"rotation": {"angle": 0, "axis": "y", "origin": [16, 20, 19]},
			"faces": {
				"north": {"uv": [15, 5, 16, 6], "texture": "#0"},
				"east": {"uv": [14, 8, 16, 9], "texture": "#0"},
				"south": {"uv": [15, 5, 16, 6], "texture": "#0"},
				"west": {"uv": [14, 8, 16, 9], "texture": "#0"},
				"up": {"uv": [15, 5, 16, 7], "texture": "#0"},
				"down": {"uv": [15, 5, 16, 7], "texture": "#0"}
			}
		},
		{
			"from": [8, 12, 4],
			"to": [9, 13, 6],
			"rotation": {"angle": 0, "axis": "y", "origin": [16, 20, 13]},
			"faces": {
				"north": {"uv": [15, 5, 16, 6], "texture": "#0"},
				"east": {"uv": [14, 8, 16, 9], "texture": "#0"},
				"south": {"uv": [15, 5, 16, 6], "texture": "#0"},
				"west": {"uv": [14, 8, 16, 9], "texture": "#0"},
				"up": {"uv": [15, 5, 16, 7], "texture": "#0"},
				"down": {"uv": [15, 5, 16, 7], "texture": "#0"}
			}
		},
		{
			"from": [4, 12, 8],
			"to": [6, 13, 9],
			"rotation": {"angle": 0, "axis": "y", "origin": [13, 20, 16]},
			"faces": {
				"north": {"uv": [14, 8, 16, 9], "texture": "#0"},
				"east": {"uv": [15, 5, 16, 6], "texture": "#0"},
				"south": {"uv": [14, 8, 16, 9], "texture": "#0"},
				"west": {"uv": [15, 5, 16, 6], "texture": "#0"},
				"up": {"uv": [14, 8, 16, 9], "texture": "#0"},
				"down": {"uv": [14, 8, 16, 9], "texture": "#0"}
			}
		},
		{
			"from": [11, 12, 8],
			"to": [13, 13, 9],
			"rotation": {"angle": 0, "axis": "y", "origin": [20, 20, 16]},
			"faces": {
				"north": {"uv": [14, 8, 16, 9], "texture": "#0"},
				"east": {"uv": [15, 5, 16, 6], "texture": "#0"},
				"south": {"uv": [14, 8, 16, 9], "texture": "#0"},
				"west": {"uv": [15, 5, 16, 6], "texture": "#0"},
				"up": {"uv": [14, 8, 16, 9], "texture": "#0"},
				"down": {"uv": [14, 8, 16, 9], "texture": "#0"}
			}
		},
		{
			"from": [8, 15, 8],
			"to": [9, 17, 9],
			"rotation": {"angle": 0, "axis": "y", "origin": [16, 23, 16]},
			"faces": {
				"north": {"uv": [15, 5, 16, 7], "texture": "#0"},
				"east": {"uv": [15, 5, 16, 7], "texture": "#0"},
				"south": {"uv": [15, 5, 16, 7], "texture": "#0"},
				"west": {"uv": [15, 5, 16, 7], "texture": "#0"},
				"up": {"uv": [15, 5, 16, 6], "texture": "#0"},
				"down": {"uv": [15, 5, 16, 6], "texture": "#0"}
			}
		}
	],
	"gui_light": "front",
	"display": {
		"thirdperson_righthand": {
			"rotation": [179, 136.25, 176.5],
			"translation": [0, 2.75, 0.75],
			"scale": [1, 0.90235, 1]
		},
		"thirdperson_lefthand": {
			"translation": [0, 4, 0.5]
		},
		"firstperson_righthand": {
			"rotation": [31.25, 67.75, -18.25],
			"translation": [1, 2, -0.25],
			"scale": [0.66211, 0.75, 0.55859]
		},
		"firstperson_lefthand": {
			"rotation": [0, 0, -9.25],
			"translation": [3, 2.75, 0.25],
			"scale": [0.78125, 0.7832, 0.40234]
		},
		"ground": {
			"rotation": [-26, 20.25, -9],
			"scale": [0.9043, 0.86133, 1]
		},
		"gui": {
			"rotation": [0, 2, -50],
			"translation": [-1.75, -1, 0],
			"scale": [1.38672, 1.23633, 1]
		},
		"fixed": {
			"translation": [-1.25, -2.5, -3.25]
		}
	}
}