{
	"credit": "Made with Blockbench",
	"textures": {
		"1": "custom/mineger_helmet1",
		"2": "custom/mineger_helmet2",
		"particle": "custom/mineger_helmet2"
	},
	"elements": [
		{
			"name": "pillager_gold_helmet1",
			"from": [5, 0, 5],
			"to": [15, 5, 15],
			"rotation": {"angle": 0, "axis": "y", "origin": [13, 8, 13]},
			"faces": {
				"north": {"uv": [0, 5, 11, 11], "texture": "#2"},
				"east": {"uv": [0, 5, 11, 11], "texture": "#1"},
				"south": {"uv": [0, 5, 11, 11], "texture": "#1"},
				"west": {"uv": [0, 0, 11, 6], "texture": "#1"},
				"up": {"uv": [0, 0, 11, 11], "texture": "#1"},
				"down": {"uv": [0, 0, 11, 11], "texture": "#1"}
			}
		}
	],
	"display": {
		"thirdperson_righthand": {
			"rotation": [-180, -180, -180],
			"translation": [-1, 4, 0],
			"scale": [0.5, 0.5, 0.5]
		},
		"thirdperson_lefthand": {
			"translation": [1, 3.75, 0],
			"scale": [0.5, 0.5, 0.5]
		},
		"firstperson_righthand": {
			"translation": [-2, 7, 0],
			"scale": [0.5, 0.5, 0.5]
		},
		"firstperson_lefthand": {
			"translation": [0, 7.25, 0],
			"scale": [0.5, 0.5, 0.5]
		},
		"ground": {
			"scale": [0.5, 0.5, 0.5]
		},
		"gui": {
			"translation": [-2, 5, 0]
		},
		"head": {
			"translation": [-3, 15, -3],
			"scale": [1.50781, 1.66211, 1.52539]
		},
		"fixed": {
			"translation": [-1.5, 5, 0]
		}
	}
}