{
	"credit": "Made with Blockbench",
	"textures": {
		"0": "custom/village_guard/head",
		"1": "custom/village_guard/head2",
		"2": "custom/village_guard/nose",
		"3": "custom/armor/leather_layer_1",
		"particle": "custom/armor/leather_layer_1"
	},
	"elements": [
		{
			"name": "villager1",
			"from": [5, 1, 5],
			"to": [13, 10, 13],
			"faces": {
				"north": {"uv": [0, 0, 16, 16], "texture": "#0"},
				"east": {"uv": [0, 0, 16, 16], "texture": "#1"},
				"south": {"uv": [0, 0, 16, 16], "texture": "#1"},
				"west": {"uv": [0, 0, 16, 16], "texture": "#1"},
				"up": {"uv": [0, 0, 16, 16], "texture": "#1"},
				"down": {"uv": [0, 0, 16, 16], "texture": "#1"}
			}
		},
		{
			"name": "villager2",
			"from": [8, 0, 3],
			"to": [10, 5, 5],
			"faces": {
				"north": {"uv": [0, 0, 8, 8], "texture": "#2"},
				"east": {"uv": [8, 8, 10, 12], "texture": "#2"},
				"south": {"uv": [0, 0, 8, 8], "texture": "#2"},
				"west": {"uv": [8, 8, 10, 12], "texture": "#2"},
				"up": {"uv": [8, 8, 10, 10], "texture": "#2"},
				"down": {"uv": [8, 8, 10, 10], "texture": "#2"}
			}
		},
		{
			"from": [4, 6, 4],
			"to": [5, 10, 9],
			"faces": {
				"north": {"uv": [14, 3, 15, 6.5], "texture": "#3"},
				"east": {"uv": [11, 12, 16, 15], "texture": "#3"},
				"south": {"uv": [9, 3, 10, 6], "texture": "#3"},
				"west": {"uv": [7, 12, 10, 13.25], "texture": "#3"},
				"up": {"uv": [6, 11, 6.75, 13], "texture": "#3"},
				"down": {"uv": [10, 1, 11, 6], "texture": "#3"}
			}
		},
		{
			"from": [4, 5, 9],
			"to": [5, 10, 13],
			"faces": {
				"north": {"uv": [9, 1, 10, 5], "texture": "#3"},
				"east": {"uv": [12, 11, 16, 15], "texture": "#3"},
				"south": {"uv": [9, 1, 10, 5], "texture": "#3"},
				"west": {"uv": [12, 12, 16, 16], "texture": "#3"},
				"up": {"uv": [9, 1, 10, 5], "texture": "#3"},
				"down": {"uv": [10, 1, 11, 5], "texture": "#3"}
			}
		},
		{
			"from": [4, 3, 13],
			"to": [7, 10, 14],
			"faces": {
				"north": {"uv": [11, 11, 14, 16], "texture": "#3"},
				"east": {"uv": [9, 0, 10, 5], "texture": "#3"},
				"south": {"uv": [13, 0, 16, 6], "texture": "#3"},
				"west": {"uv": [9, 0, 10, 5], "texture": "#3"},
				"up": {"uv": [12, 1, 15, 2], "texture": "#3"},
				"down": {"uv": [10, 1, 13, 2], "texture": "#3"}
			}
		},
		{
			"from": [11, 3, 13],
			"to": [14, 10, 14],
			"faces": {
				"north": {"uv": [13, 11, 16, 16], "texture": "#3"},
				"east": {"uv": [15, 11, 16, 16], "texture": "#3"},
				"south": {"uv": [13, 0, 16, 7], "texture": "#3"},
				"west": {"uv": [10, 1, 11, 6], "texture": "#3"},
				"up": {"uv": [10, 0, 13, 1], "texture": "#3"},
				"down": {"uv": [10, 1, 13, 2], "texture": "#3"}
			}
		},
		{
			"from": [7, 2, 13],
			"to": [11, 10, 14],
			"faces": {
				"north": {"uv": [0, 0, 4, 6], "texture": "#missing"},
				"east": {"uv": [10, 1, 11, 7], "texture": "#3"},
				"south": {"uv": [12, 0, 16, 7], "texture": "#3"},
				"west": {"uv": [14, 0, 15, 6], "texture": "#3"},
				"up": {"uv": [11, 1, 15, 2], "texture": "#3"},
				"down": {"uv": [11, 1, 15, 2], "texture": "#3"}
			}
		},
		{
			"from": [13, 6, 4],
			"to": [14, 10, 9],
			"faces": {
				"north": {"uv": [9, 3, 10, 6], "texture": "#3"},
				"east": {"uv": [11, 13, 16, 16], "texture": "#3"},
				"south": {"uv": [9, 2, 10, 5], "texture": "#3"},
				"west": {"uv": [11, 4, 16, 7], "texture": "#3"},
				"up": {"uv": [10, 1, 11, 6], "texture": "#3"},
				"down": {"uv": [10, 1, 11, 6], "texture": "#3"}
			}
		},
		{
			"from": [13, 5, 9],
			"to": [14, 10, 13],
			"faces": {
				"north": {"uv": [0, 4, 1, 8], "texture": "#3"},
				"east": {"uv": [12, 2, 16, 7], "texture": "#3"},
				"south": {"uv": [4, 4, 5, 8], "texture": "#3"},
				"west": {"uv": [11, 1, 15, 5], "texture": "#3"},
				"up": {"uv": [10, 1, 11, 5], "texture": "#3"},
				"down": {"uv": [9, 3, 10, 7], "texture": "#3"}
			}
		},
		{
			"from": [5, 8, 4],
			"to": [8, 10, 5],
			"faces": {
				"north": {"uv": [7, 5, 10, 7], "texture": "#3"},
				"east": {"uv": [11, 1, 12, 3], "texture": "#3"},
				"south": {"uv": [13, 0, 16, 2], "texture": "#3"},
				"west": {"uv": [11, 0, 12, 2], "texture": "#3"},
				"up": {"uv": [2, 5, 5, 6], "texture": "#3"},
				"down": {"uv": [9, 0, 12, 1], "texture": "#3"}
			}
		},
		{
			"from": [10, 8, 4],
			"to": [13, 10, 5],
			"faces": {
				"north": {"uv": [11, 0, 14, 2], "texture": "#3"},
				"east": {"uv": [9, 2, 10, 4], "texture": "#3"},
				"south": {"uv": [9, 0, 12, 2], "texture": "#3"},
				"west": {"uv": [10, 0, 11, 2], "texture": "#3"},
				"up": {"uv": [11, 0, 14, 1], "texture": "#3"},
				"down": {"uv": [9, 0, 12, 1], "texture": "#3"}
			}
		},
		{
			"from": [4, 10, 4],
			"to": [14, 11, 14],
			"faces": {
				"north": {"uv": [8.25, 13.5, 9.75, 14.5], "texture": "#3"},
				"east": {"uv": [0, 4, 10, 5], "texture": "#3"},
				"south": {"uv": [6, 6, 16, 7], "texture": "#3"},
				"west": {"uv": [6, 6, 16, 7], "texture": "#3"},
				"up": {"uv": [9, 0, 16, 7], "texture": "#3"},
				"down": {"uv": [9, 0, 16, 7], "texture": "#3"}
			}
		},
		{
			"from": [8, 8, 4],
			"to": [10, 10, 5],
			"rotation": {"angle": 0, "axis": "y", "origin": [0.5, 0.5, 0.5]},
			"faces": {
				"north": {"uv": [9, 0, 11, 2], "texture": "#3"},
				"east": {"uv": [0, 4, 1, 8], "texture": "#3"},
				"south": {"uv": [9, 0, 11, 4], "texture": "#3"},
				"west": {"uv": [10, 1, 11, 5], "texture": "#3"},
				"up": {"uv": [0, 4, 2, 5], "texture": "#3"},
				"down": {"uv": [9, 0, 11, 1], "texture": "#3"}
			}
		}
	],
	"display": {
		"thirdperson_righthand": {
			"rotation": [-180, -180, -180],
			"translation": [-8, 16.5, 8],
			"scale": [1, 1.44922, 1]
		},
		"gui": {
			"rotation": [0, -180, 0],
			"translation": [-2, 0.5, 0]
		},
		"head": {
			"translation": [-1.75, 4.75, -2.75],
			"scale": [1.47852, 1.60352, 1.44531]
		},
		"fixed": {
			"translation": [2, 1, -7]
		}
	},
	"groups": [0, 1,
		{
			"name": "village_leather_helmet",
			"origin": [8, 8, 8],
			"children": [
				{
					"name": "helmet",
					"origin": [8, 8, 8],
					"children": []
				}, 2, 3, 4, 5, 6, 7, 8, 9, 10, 11, 12]
		}
	]
}